mutant,prediction
W60T,-13.638920783996582
W60V,-10.586395263671875
W60L,-7.433232307434082
W60A,-12.777975082397461
W60I,-8.275081634521484
D61L,-2.2452592849731445
D61M,-1.2337316274642944
D61Q,-2.5956783294677734
D61K,-3.988738536834717
D61E,-1.806667685508728
D61I,-4.220647811889648
D61A,-2.5319156646728516
D61V,-4.695310592651367
D61Y,-5.0506391525268555
D61R,-1.7376137971878052
D61T,-0.939038872718811
D61S,-0.03905963897705078
K64A,3.0183095932006836
K64E,-4.202950954437256
K64F,1.405496597290039
K64I,1.2994861602783203
K64L,2.2712182998657227
K64M,-0.10805654525756836
K64R,0.7784571647644043
K64V,-4.38563346862793
K64W,0.1732196807861328
